﻿"Ozen Reserve Bolifushi;;1332"
"Hotel Colline de France;;496"
"Shangri-La The Shard, London;;892"
"The Ritz-Carlton, Hong Kong;;592"
"JW Marriott Marquis Hotel Dubai;;135"
"Romance Istanbul Hotel;;180"
"Ikos Dassia;;295"
"Ikos Andalusia;;398"
"Padma Resort Ubud;;345"
"Varu By Atmosphere;;561"
"Sunrise Attitude;;111"
"Voyage Sorgun;;700"
"Adiwana Suweta;;212"
"Ikos Aria;;280"
"La Sinfonía del Rey Hotel & Spa;;90"
"Tulemar Bungalows & Villas;;260"
"Bucuti & Tara Beach Resort Aruba;;500"
"Nikki Beach Resort & Spa Dubai;;230"
"Corpo Santo Lisbon Historical Hotel;;425"
"Secrets Maroma Beach Riviera Cancun;;718"
"ATELIER Playa Mujeres;;433"
"Hotel Malte - Astotel;;361"
"Perry Lane Hotel, A Luxury Collection Hotel;;294"
"Jaya House River Park;;189"