﻿"Cuba;Cuba"
"Hoi An;Vietnam"
"Mauritius;Mauritius"
"Siem Reap;Campodia"
"Chiang Mai;Thailand"
"Grand Cayman;Cayman Islands"
"Fes;Morocco"
"Baku;Azerbaijan"
"Kathmandu;Nepal"
"Krakow;Poland"
"Ho Chi Minh City;Vietnam"
"Lanzarote;Lanzarote"
"Santiago;Chile"
"Juneau;Alaska"
"Panama City;Panama"
"Panay Island;Philippines"
"Lombok;Indonesia"
"Ilha do Sal;Cape Verde"
"Vienna;Austria"
"Paphos;Cyprus"
"Agadir;Morocco"
"Marmaris;Turkey"
"Bucharest;Romania"
"Brussels;Belgium"
"Copenhagen;Denmark"