﻿"Country;Price"
"Bolivia;$20"
"Laos;$20"
"Nepal;$20"
"India;$20"
"Vietnam;$20"
"Sri Lanka;$20"
"Egypt;$20"
"Georgia;$25"
"Nicaragua;$25"
"Cambodia;$25"
"Ghana;$25"
"Guatemala;$25"
"Mongolia;$25"
"Uzbekistan;$25"
"Iran;$25"
"Bulgaria;$25"
"The Philippines;$25"
"Morocco;$25"
"Peru;$25"
"Indonesia;$25"
"Ecuador;$30"
"Honduras;$30"
"Serbia;$30"
"Malaysia;$30"
"Myanmar;$30"
"Thailand;$30"
"Ethiopia;$30"
"Romania;$30"
"Malawi;$30"
"Turkey;$30"
"Colombia;$30"
"Paraguay;$30"
"Panama;$30"
"Poland;$30"
"Jordan;$30"
"Costa Rica;$35"
"Mexico;$35"
"Hungary;$35"
"Czech Republic;$35"
"South Africa;$35"
"Tanzania;$35"
"Serbia;$35"
"Mozambique;$35"
"Kenya;$35"
"Taiwan;$35"
"Argentina;$35"
"Cuba;$35"
"China;$40"
"South Korea;$40"
"Slovania;$40"
"Estonia;$40"
"Uruguay;$40"
"Chile;$40"
"Brazil;$40"
"Belize;$40"
"Hong Kong;$45"
"Jamaica;$45"
"Fiji;$45"
"Portugal;$45"
"Croatia;$45"
"Cyprus;$45"
"Greece;$45"
"Singapore;$50"
"Oman;$50"
"Spain;$50"
"Germany;$55"
"Israel;$55"
"Austria;$55"
"Lebanon;$60"
"UK;$60"
"Ireland;$60"
"Italy;$60"
"Finland;$60"
"Sweden;$60"
"Japan;$60"
"New Zealand;$60"
"Canada;$65"
"The Netherlands;$65"
"Belgium;$65"
"Denmark;$65"
"Australia;$70"
"France;$70"
"USA;$75"
"Iceland;$75"
"Norway;$85"
"Switzerland;$90"